{"cameraMode":{"drawMode":0,"name":"Shaded","section":"Shading Mode"},"sceneLighting":false,"audioPlay":false,"sceneViewState":{"m_AlwaysRefresh":false,"showFog":true,"showSkybox":false,"showFlares":true,"showImageEffects":true,"showParticleSystems":true,"showVisualEffectGraphs":true,"m_FxEnabled":true},"in2DMode":false,"pivot":{"x":20.020000457763673,"y":1.2149349451065064,"z":-10.100000381469727},"rotation":{"x":-0.13579139113426209,"y":-0.8226870894432068,"z":0.5059780478477478,"w":-0.2207970917224884},"size":1.7928814888000489,"orthographic":true}